ID,ASSET_HOSTNAME,ASSET_IP_ADDRESS,VULNERABILITY_TITLE,VULNERABILITY_SEVERITY,VULNERABILITY_CVSS,VULNERABILITY_PUBLICATION_DATE,STATUS
1,WORKSTATION-1,172.18.0.1,VMware ESXi 5.5 / 6.0 / 6.5 / 6.7 DoS (VMSA-2018-0018) (remote check),Médio,6.5,2018-07-19,PENDENTE
2,WORKSTATION-2,172.18.0.2,VMware ESXi 5.5 / 6.0 / 6.5 / 6.7 DoS (VMSA-2018-0018) (remote check),Médio,6.5,2018-07-19,PENDENTE
3,WORKSTATION-3,172.18.0.3,VMware ESXi 5.5 / 6.0 / 6.5 / 6.7 DoS (VMSA-2018-0018) (remote check),Médio,6.5,2018-07-19,PENDENTE
4,WORKSTATION-3,172.18.0.3,VMSA-2019-0022 : VMware ESXi updates address OpenSLP remote code execution vulnerability,Crítico,9.8,2019-12-06,PENDENTE
5,WORKSTATION-2,172.18.0.2,VMSA-2019-0022 : VMware ESXi updates address OpenSLP remote code execution vulnerability,Crítico,9.8,2019-12-06,PENDENTE
6,WORKSTATION-1,172.18.0.1,VMSA-2019-0022 : VMware ESXi updates address OpenSLP remote code execution vulnerability,Crítico,9.8,2019-12-06,PENDENTE
7,WORKSTATION-4,172.18.0.4,CentOS 7 : tcpdump (CESA-2019:3976),Médio,5.5,2018-11-25,PENDENTE
8,WORKSTATION-4,172.18.0.4,CentOS 7 : kernel (CESA-2019:3979),Alto,7.8,2019-08-20,PENDENTE
9,WORKSTATION-3,172.18.0.3,VMSA-2019-0020 : Hypervisor-Specific Mitigations for Denial-of-Service and Speculative-Execution Vulnerabilities,Médio,6.5,2019-11-14,PENDENTE
10,WORKSTATION-2,172.18.0.2,VMSA-2019-0020 : Hypervisor-Specific Mitigations for Denial-of-Service and Speculative-Execution Vulnerabilities,Médio,6.5,2019-11-14,PENDENTE
11,WORKSTATION-1,172.18.0.1,VMSA-2019-0020 : Hypervisor-Specific Mitigations for Denial-of-Service and Speculative-Execution Vulnerabilities,Médio,6.5,2019-11-14,PENDENTE
12,WORKSTATION-4,172.18.0.4,CentOS 7 : kernel (CESA-2019:3872),Alto,7.8,2019-11-14,PENDENTE
13,WORKSTATION-4,172.18.0.4,CentOS 7 : kernel (CESA-2019:3834),Médio,6.5,2019-11-14,PENDENTE
14,WORKSTATION-5,172.18.0.5,Security Updates for Internet Explorer (November 2019),Alto,7.5,2019-11-12,PENDENTE
15,SERVER-1,172.20.0.1,Security Updates for Internet Explorer (November 2019),Alto,7.5,2019-11-12,PENDENTE
16,SERVER-2,172.20.0.2,Security Updates for Internet Explorer (November 2019),Alto,7.5,2019-11-12,PENDENTE
17,SERVER-2,172.20.0.2,KB4525233: Windows 7 and Windows Server 2008 R2 November 2019 Security Update,Alto,8.8,2019-11-12,PENDENTE
18,SERVER-1,172.20.0.1,KB4525233: Windows 7 and Windows Server 2008 R2 November 2019 Security Update,Alto,8.8,2019-11-12,PENDENTE
19,WORKSTATION-5,172.18.0.5,KB4525233: Windows 7 and Windows Server 2008 R2 November 2019 Security Update,Alto,8.8,2019-11-12,PENDENTE
20,WORKSTATION-6,172.18.0.6,KB4523205: Windows 10 Version 1809 and Windows Server 2019 November 2019 Security Update,Alto,7.8,2019-11-12,PENDENTE
21,WORKSTATION-7,172.18.0.7,KB4523205: Windows 10 Version 1809 and Windows Server 2019 November 2019 Security Update,Alto,7.8,2019-11-12,PENDENTE
22,WORKSTATION-4,172.18.0.4,CentOS 7 : sudo (CESA-2019:3197),Alto,8.8,2019-10-17,PENDENTE
23,WORKSTATION-3,172.18.0.3,VMSA-2019-0019 : Denial-of-service vulnerability,Médio,6.5,2019-10-28,PENDENTE
24,WORKSTATION-2,172.18.0.2,VMSA-2019-0019 : Denial-of-service vulnerability,Médio,6.5,2019-10-28,PENDENTE
25,WORKSTATION-1,172.18.0.1,VMSA-2019-0019 : Denial-of-service vulnerability,Médio,6.5,2019-10-28,PENDENTE
26,WORKSTATION-4,172.18.0.4,CentOS 7 : patch (CESA-2019:2964),Alto,7.8,2019-07-26,PENDENTE
27,WORKSTATION-4,172.18.0.4,CentOS 7 : java-1.8.0-openjdk (CESA-2019:3128),Médio,4.8,2019-10-16,PENDENTE
28,WORKSTATION-8,172.18.0.8,Mozilla Firefox < 70.0 Multiple Vulnerabilities,Alto,8.8,2019-06-27,PENDENTE
29,WORKSTATION-4,172.18.0.4,CentOS 7 : kernel (CESA-2019:3055),Alto,8.8,2019-06-03,PENDENTE
30,WORKSTATION-5,172.18.0.5,Oracle Java SE 1.7.0_241 / 1.8.0_231 / 1.11.0_5 / 1.13.0_1 Multiple Vulnerabilities (Oct 2019 CPU) (Windows),Crítico,9.8,2019-10-15,PENDENTE
31,SERVER-3,172.20.0.3,Oracle Java SE 1.7.0_241 / 1.8.0_231 / 1.11.0_5 / 1.13.0_1 Multiple Vulnerabilities (Oct 2019 CPU) (Windows),Crítico,9.8,2019-10-15,PENDENTE
32,SERVER-2,172.20.0.2,Oracle Java SE 1.7.0_241 / 1.8.0_231 / 1.11.0_5 / 1.13.0_1 Multiple Vulnerabilities (Oct 2019 CPU) (Windows),Crítico,9.8,2019-10-15,PENDENTE
33,WORKSTATION-5,172.18.0.5,Security Updates for Internet Explorer (October 2019),Alto,7.5,2019-10-08,PENDENTE
34,SERVER-2,172.20.0.2,KB4520003: Windows 7 and Windows Server 2008 R2 October 2019 Security Update,Alto,7.8,2019-10-08,PENDENTE
35,WORKSTATION-5,172.18.0.5,KB4520003: Windows 7 and Windows Server 2008 R2 October 2019 Security Update,Alto,7.8,2019-10-08,PENDENTE
36,SERVER-1,172.20.0.1,KB4520003: Windows 7 and Windows Server 2008 R2 October 2019 Security Update,Alto,7.8,2019-10-08,PENDENTE
37,SERVER-3,172.20.0.3,KB4519998: Windows 10 Version 1607 and Windows Server 2016 October 2019 Security Update,Alto,7.8,2019-10-08,PENDENTE
38,WORKSTATION-7,172.18.0.7,KB4519338: Windows 10 Version 1809 and Windows Server 2019 October 2019 Security Update,Alto,7.8,2019-10-08,PENDENTE
39,WORKSTATION-6,172.18.0.6,KB4519338: Windows 10 Version 1809 and Windows Server 2019 October 2019 Security Update,Alto,7.8,2019-10-08,PENDENTE
40,WORKSTATION-4,172.18.0.4,CentOS 7 : kernel (CESA-2019:2829),Alto,7.8,2019-09-17,PENDENTE
41,WORKSTATION-9,172.18.0.9,VMware vCenter Server 6.0 / 6.5 / 6.7 Multiple Vulnerabilities (VMSA-2019-0013),Médio,5.4,2019-09-18,PENDENTE
42,WORKSTATION-7,172.18.0.7,Adobe Flash Player <= 32.0.0.238 (APSB19-46),Crítico,9.8,2019-09-10,PENDENTE
43,WORKSTATION-2,172.18.0.2,VMSA-2019-0013 : Command injection and information disclosure vulnerabilities,Alto,8.8,2017-11-20,PENDENTE
44,WORKSTATION-1,172.18.0.1,VMSA-2019-0013 : Command injection and information disclosure vulnerabilities,Alto,8.8,2017-11-20,PENDENTE
45,WORKSTATION-3,172.18.0.3,VMSA-2019-0013 : Command injection and information disclosure vulnerabilities,Alto,8.8,2017-11-20,PENDENTE
46,WORKSTATION-4,172.18.0.4,CentOS 7 : kernel (CESA-2019:2600),Alto,8.3,2019-09-03,PENDENTE
47,WORKSTATION-4,172.18.0.4,CentOS 7 : kernel (CESA-2019:2029),Médio,6.7,2018-03-08,PENDENTE
48,WORKSTATION-4,172.18.0.4,CentOS 7 : httpd (CESA-2019:2343),Alto,7.5,2019-04-08,PENDENTE
49,SERVER-3,172.20.0.3,"Windows 10, Server 2016 and Server 2019 September 2019 Security Update (CVE-2019-1367)",Alto,7.5,2019-09-23,PENDENTE
50,WORKSTATION-5,172.18.0.5,Security Update for Internet Explorer (CVE-2019-1367),Alto,7.5,2019-09-23,PENDENTE
51,WORKSTATION-8,172.18.0.8,Mozilla Firefox < 69.0.1,Médio,4.3,2019-09-18,PENDENTE
52,WORKSTATION-3,172.18.0.3,VMSA-2019-0014 : Use-after-free vulnerability,Alto,8.8,2019-10-10,PENDENTE
53,WORKSTATION-2,172.18.0.2,VMSA-2019-0014 : Use-after-free vulnerability,Alto,8.8,2019-10-10,PENDENTE
54,WORKSTATION-1,172.18.0.1,VMSA-2019-0014 : Use-after-free vulnerability,Alto,8.8,2019-10-10,PENDENTE
55,SERVER-3,172.20.0.3,Security Updates for Microsoft .NET Framework (September 2019),Médio,5.5,2019-09-10,PENDENTE
56,WORKSTATION-7,172.18.0.7,Security Updates for Microsoft .NET Framework (September 2019),Médio,5.5,2019-09-10,PENDENTE
57,WORKSTATION-5,172.18.0.5,Security Updates for Internet Explorer (September 2019),Alto,7.5,2019-09-10,PENDENTE
58,WORKSTATION-7,172.18.0.7,KB4516115: Security update for Adobe Flash Player (September 2019),Crítico,9.8,2019-09-10,PENDENTE
59,SERVER-3,172.20.0.3,KB4516044: Windows 10 Version 1607 and Windows Server 2016 September 2019 Security Update,Alto,8.8,2019-09-10,PENDENTE
60,WORKSTATION-5,172.18.0.5,KB4516033: Windows 7 and Windows Server 2008 R2 September 2019 Security Update,Alto,8.8,2019-09-10,PENDENTE
61,SERVER-1,172.20.0.1,KB4516033: Windows 7 and Windows Server 2008 R2 September 2019 Security Update,Alto,8.8,2019-09-10,PENDENTE
62,WORKSTATION-7,172.18.0.7,KB4512578: Windows 10 Version 1809 and Windows Server 2019 September 2019 Security Update,Alto,8.8,2019-09-10,PENDENTE
63,WORKSTATION-8,172.18.0.8,Mozilla Firefox < 69.0,Alto,8.8,2019-09-03,PENDENTE
64,WORKSTATION-4,172.18.0.4,CentOS 7 : unzip (CESA-2019:2159),Médio,5.5,2018-10-16,PENDENTE
65,WORKSTATION-4,172.18.0.4,CentOS 7 : unixODBC (CESA-2019:2336),Crítico,9.8,2018-02-22,PENDENTE
66,WORKSTATION-4,172.18.0.4,CentOS 7 : tomcat (CESA-2019:2205),Crítico,9.8,2018-02-23,PENDENTE
67,WORKSTATION-4,172.18.0.4,CentOS 7 : systemd (CESA-2019:2091),Crítico,9.8,2018-10-26,PENDENTE
68,WORKSTATION-4,172.18.0.4,CentOS 7 : rsyslog (CESA-2019:2110),Alto,7.5,2019-01-25,PENDENTE
69,WORKSTATION-4,172.18.0.4,CentOS 7 : python-urllib3 (CESA-2019:2272),Crítico,9.8,2018-12-11,PENDENTE
70,WORKSTATION-4,172.18.0.4,CentOS 7 : python-requests (CESA-2019:2035),Crítico,9.8,2018-10-09,PENDENTE
71,WORKSTATION-4,172.18.0.4,CentOS 7 : python (CESA-2019:2030),Crítico,9.1,2018-09-25,PENDENTE
72,WORKSTATION-4,172.18.0.4,CentOS 7 : procps-ng (CESA-2019:2189),Alto,7.0,2018-05-23,PENDENTE
73,WORKSTATION-4,172.18.0.4,CentOS 7 : polkit (CESA-2019:2046),Alto,8.8,2018-12-03,PENDENTE
74,WORKSTATION-4,172.18.0.4,CentOS 7 : perl-Archive-Tar (CESA-2019:2097),Alto,7.5,2018-06-07,PENDENTE
75,WORKSTATION-4,172.18.0.4,CentOS 7 : patch (CESA-2019:2033),Alto,7.5,2018-02-13,PENDENTE
76,WORKSTATION-4,172.18.0.4,CentOS 7 : openssl (CESA-2019:2304),Médio,5.9,2018-10-30,PENDENTE
77,WORKSTATION-4,172.18.0.4,CentOS 7 : openssh (CESA-2019:2143),Médio,5.3,2018-08-17,PENDENTE
78,WORKSTATION-4,172.18.0.4,CentOS 7 : ntp (CESA-2019:2077),Crítico,9.8,2018-06-20,PENDENTE
79,WORKSTATION-4,172.18.0.4,CentOS 7 : nspr / nss / nss-softokn / nss-util (CESA-2019:2237),Médio,5.9,2018-06-13,PENDENTE
80,WORKSTATION-4,172.18.0.4,CentOS 7 : mariadb (CESA-2019:2327),Médio,5.0,2018-07-18,PENDENTE
81,WORKSTATION-4,172.18.0.4,CentOS 7 : linux-firmware (CESA-2019:2169),Médio,6.8,2018-08-07,PENDENTE
82,WORKSTATION-4,172.18.0.4,CentOS 7 : libtiff (CESA-2019:2053),Alto,8.8,2016-04-19,PENDENTE
83,WORKSTATION-4,172.18.0.4,CentOS 7 : libssh2 (CESA-2019:2136),Crítico,9.1,2019-03-21,PENDENTE
84,WORKSTATION-4,172.18.0.4,CentOS 7 : libmspack (CESA-2019:2049),Médio,4.3,2018-10-23,PENDENTE
85,WORKSTATION-4,172.18.0.4,CentOS 7 : libjpeg-turbo (CESA-2019:2052),Alto,8.8,2017-02-13,PENDENTE
86,WORKSTATION-4,172.18.0.4,CentOS 7 : libcgroup (CESA-2019:2047),Alto,8.1,2018-08-14,PENDENTE
87,WORKSTATION-4,172.18.0.4,CentOS 7 : glibc (CESA-2019:2118),Médio,5.3,2019-01-21,PENDENTE
88,WORKSTATION-4,172.18.0.4,CentOS 7 : gdm / libX11 / libxkbcommon / xorg-x11-drv-ati / xorg-x11-drv-vesa / etc (CESA-2019:2079),Crítico,9.8,2018-08-24,PENDENTE
89,WORKSTATION-4,172.18.0.4,CentOS 7 : elfutils (CESA-2019:2197),Crítico,9.8,2018-08-29,PENDENTE
90,WORKSTATION-4,172.18.0.4,CentOS 7 : curl (CESA-2019:2181),Crítico,9.1,2018-10-31,PENDENTE
91,WORKSTATION-4,172.18.0.4,CentOS 7 : binutils (CESA-2019:2075),Alto,7.8,2018-06-22,PENDENTE
92,WORKSTATION-8,172.18.0.8,Mozilla Firefox < 68.0.2,Crítico,9.8,2019-08-14,PENDENTE
93,WORKSTATION-8,172.18.0.8,Microsoft Defender Elevation of Privilege Vulnerability (CVE-2019-1161),Alto,7.1,2019-08-13,PENDENTE
94,SERVER-3,172.20.0.3,Microsoft Defender Elevation of Privilege Vulnerability (CVE-2019-1161),Alto,7.1,2019-08-13,PENDENTE
95,WORKSTATION-5,172.18.0.5,Security Updates for Internet Explorer (August 2019),Alto,7.5,2019-08-13,PENDENTE
96,WORKSTATION-5,172.18.0.5,KB4512486: Windows 7 and Windows Server 2008 R2 August 2019 Security Update,Crítico,9.8,2019-08-13,PENDENTE
97,SERVER-1,172.20.0.1,KB4512486: Windows 7 and Windows Server 2008 R2 August 2019 Security Update,Crítico,9.8,2019-08-13,PENDENTE
98,WORKSTATION-7,172.18.0.7,KB4511553: Windows 10 Version 1809 and Windows Server 2019 August 2019 Security Update,Crítico,9.8,2019-08-13,PENDENTE
99,WORKSTATION-1,172.18.0.1,VMSA-2019-0012 : Out-of-bounds pixel shader vulnerabilities,Crítico,10.0,2019-08-06,PENDENTE
100,WORKSTATION-3,172.18.0.3,VMSA-2019-0012 : Out-of-bounds pixel shader vulnerabilities,Crítico,10.0,2019-08-06,PENDENTE
101,WORKSTATION-2,172.18.0.2,VMSA-2019-0012 : Out-of-bounds pixel shader vulnerabilities,Crítico,10.0,2019-08-06,PENDENTE
102,WORKSTATION-4,172.18.0.4,CentOS 7 : libssh2 (CESA-2019:1884),Crítico,9.1,2019-03-21,PENDENTE
103,WORKSTATION-4,172.18.0.4,CentOS 7 : kernel (CESA-2019:1873),Alto,7.0,2018-12-18,PENDENTE
104,WORKSTATION-4,172.18.0.4,CentOS 7 : httpd (CESA-2019:1898),Crítico,9.8,2018-03-26,PENDENTE
105,WORKSTATION-4,172.18.0.4,CentOS 7 : curl (CESA-2019:1880),Crítico,9.8,2018-09-05,PENDENTE
106,WORKSTATION-4,172.18.0.4,CentOS 7 : java-1.8.0-openjdk (CESA-2019:1815),Médio,4.8,2019-07-23,PENDENTE
107,SERVER-3,172.20.0.3,Oracle Java SE 1.7.0_231 / 1.8.0_221 / 1.11.0_4 / 1.12.0_2 Multiple Vulnerabilities (Jul 2019 CPU),Médio,4.8,2019-07-16,PENDENTE
108,SERVER-2,172.20.0.2,Oracle Java SE 1.7.0_231 / 1.8.0_221 / 1.11.0_4 / 1.12.0_2 Multiple Vulnerabilities (Jul 2019 CPU),Médio,4.8,2019-07-16,PENDENTE
109,WORKSTATION-5,172.18.0.5,Oracle Java SE 1.7.0_231 / 1.8.0_221 / 1.11.0_4 / 1.12.0_2 Multiple Vulnerabilities (Jul 2019 CPU),Médio,4.8,2019-07-16,PENDENTE
110,WORKSTATION-2,172.18.0.2,VMSA-2019-0011 : ESXi patches address partial denial of service vulnerability in hostd process,Médio,5.3,2019-07-11,PENDENTE
111,WORKSTATION-3,172.18.0.3,VMSA-2019-0011 : ESXi patches address partial denial of service vulnerability in hostd process,Médio,5.3,2019-07-11,PENDENTE
112,WORKSTATION-1,172.18.0.1,VMSA-2019-0011 : ESXi patches address partial denial of service vulnerability in hostd process,Médio,5.3,2019-07-11,PENDENTE
113,WORKSTATION-8,172.18.0.8,Mozilla Firefox < 68.0,Alto,8.3,2019-07-09,PENDENTE
114,SERVER-2,172.20.0.2,Security Updates for Microsoft .NET Framework (July 2019),Alto,8.8,2019-07-09,PENDENTE
115,WORKSTATION-7,172.18.0.7,Security Updates for Microsoft .NET Framework (July 2019),Alto,8.8,2019-07-09,PENDENTE
116,WORKSTATION-5,172.18.0.5,Security Updates for Internet Explorer (July 2019),Alto,7.5,2019-07-09,PENDENTE
117,WORKSTATION-7,172.18.0.7,KB4507469: Windows 10 Version 1809 and Windows Server 2019 July 2019 Security Update (SWAPGS),Alto,8.8,2019-07-09,PENDENTE
118,SERVER-1,172.20.0.1,KB4507456: Windows 7 and Windows Server 2008 R2 July 2019 Security Update (SWAPGS),Alto,8.8,2019-07-09,PENDENTE
119,WORKSTATION-5,172.18.0.5,KB4507456: Windows 7 and Windows Server 2008 R2 July 2019 Security Update (SWAPGS),Alto,8.8,2019-07-09,PENDENTE
120,WORKSTATION-4,172.18.0.4,CentOS 7 : vim (CESA-2019:1619),Alto,8.6,2019-06-05,PENDENTE
121,WORKSTATION-4,172.18.0.4,CentOS 7 : python (CESA-2019:1587),Crítico,9.8,2019-06-07,PENDENTE
122,WORKSTATION-8,172.18.0.8,Mozilla Firefox < 67.0.4,Crítico,10.0,2019-06-20,PENDENTE
123,WORKSTATION-4,172.18.0.4,CentOS 7 : kernel (CESA-2019:1481) (SACK Panic) (SACK Slowness),Alto,7.5,2019-06-19,PENDENTE
124,WORKSTATION-8,172.18.0.8,Mozilla Firefox < 67.0.3,Alto,8.8,2019-06-18,PENDENTE
125,WORKSTATION-8,172.18.0.8,VMware Tools 10.2.x / 10.3.x < 10.3.10 Information Disclosure / Denial of Service Vulnerability (VMSA-2019-0009),Alto,7.1,2019-06-06,PENDENTE
126,WORKSTATION-8,172.18.0.8,Mozilla Firefox < 67.0.2,Médio,6.5,2019-06-11,PENDENTE
127,WORKSTATION-5,172.18.0.5,Security Updates for Internet Explorer (June 2019),Alto,7.5,2019-06-11,PENDENTE
128,WORKSTATION-7,172.18.0.7,KB4503327: Windows 10 Version 1809 and Windows Server 2019 June 2019 Security Update,Alto,8.8,2019-06-11,PENDENTE
129,WORKSTATION-5,172.18.0.5,KB4503269: Windows 7 and Windows Server 2008 R2 June 2019 Security Update,Alto,8.8,2019-06-11,PENDENTE
130,WORKSTATION-8,172.18.0.8,Mozilla Firefox < 67.0,Crítico,9.8,2019-02-04,PENDENTE
131,WORKSTATION-4,172.18.0.4,CentOS 7 : wget (CESA-2019:1228),Crítico,9.8,2019-05-17,PENDENTE
132,WORKSTATION-4,172.18.0.4,CentOS 7 : kernel (CESA-2019:1168) (MDSUM/RIDL) (MFBDS/RIDL/ZombieLoad) (MLPDS/RIDL) (MSBDS/Fallout),Médio,5.6,2019-05-30,PENDENTE
133,WORKSTATION-7,172.18.0.7,Security Updates for Microsoft .NET Framework (May 2019),Alto,7.5,2019-05-14,PENDENTE
134,WORKSTATION-1,172.18.0.1,VMSA-2019-0008 : MDS Vulnerabilities (MDSUM/RIDL) (MFBDS/RIDL/ZombieLoad) (MLPDS/RIDL) (MSBDS/Fallout),Médio,5.6,2019-05-30,PENDENTE
135,WORKSTATION-3,172.18.0.3,VMSA-2019-0008 : MDS Vulnerabilities (MDSUM/RIDL) (MFBDS/RIDL/ZombieLoad) (MLPDS/RIDL) (MSBDS/Fallout),Médio,5.6,2019-05-30,PENDENTE
136,WORKSTATION-2,172.18.0.2,VMSA-2019-0008 : MDS Vulnerabilities (MDSUM/RIDL) (MFBDS/RIDL/ZombieLoad) (MLPDS/RIDL) (MSBDS/Fallout),Médio,5.6,2019-05-30,PENDENTE
137,SERVER-1,172.20.0.1,KB4499175: Windows 7 and Windows Server 2008 R2 May 2019 Security Update (MDSUM/RIDL) (MFBDS/RIDL/ZombieLoad) (MLPDS/RIDL) (MSBDS/Fallout) (BlueKeep),Crítico,9.8,2019-05-14,PENDENTE
138,WORKSTATION-5,172.18.0.5,KB4499175: Windows 7 and Windows Server 2008 R2 May 2019 Security Update (MDSUM/RIDL) (MFBDS/RIDL/ZombieLoad) (MLPDS/RIDL) (MSBDS/Fallout) (BlueKeep),Crítico,9.8,2019-05-14,PENDENTE
139,SERVER-2,172.20.0.2,KB4499175: Windows 7 and Windows Server 2008 R2 May 2019 Security Update (MDSUM/RIDL) (MFBDS/RIDL/ZombieLoad) (MLPDS/RIDL) (MSBDS/Fallout) (BlueKeep),Crítico,9.8,2019-05-14,PENDENTE
140,WORKSTATION-6,172.18.0.6,KB4494441: Windows 10 Version 1809 and Windows Server 2019 May 2019 Security Update (MDSUM/RIDL) (MFBDS/RIDL/ZombieLoad) (MLPDS/RIDL) (MSBDS/Fallout),Alto,8.8,2019-05-14,PENDENTE
141,WORKSTATION-7,172.18.0.7,KB4494441: Windows 10 Version 1809 and Windows Server 2019 May 2019 Security Update (MDSUM/RIDL) (MFBDS/RIDL/ZombieLoad) (MLPDS/RIDL) (MSBDS/Fallout),Alto,8.8,2019-05-14,PENDENTE
142,WORKSTATION-8,172.18.0.8,KB4494440: Windows 10 Version 1607 and Windows Server 2016 May 2019 Security Update (MDSUM/RIDL) (MFBDS/RIDL/ZombieLoad) (MLPDS/RIDL) (MSBDS/Fallout),Alto,8.8,2019-05-14,PENDENTE
143,SERVER-3,172.20.0.3,KB4494440: Windows 10 Version 1607 and Windows Server 2016 May 2019 Security Update (MDSUM/RIDL) (MFBDS/RIDL/ZombieLoad) (MLPDS/RIDL) (MSBDS/Fallout),Alto,8.8,2019-05-14,PENDENTE
144,WORKSTATION-4,172.18.0.4,CentOS 7 : kernel (CESA-2019:0818),Alto,8.1,2019-02-15,PENDENTE
145,WORKSTATION-4,172.18.0.4,CentOS 7 : java-1.8.0-openjdk (CESA-2019:0775),Alto,8.1,2019-04-23,PENDENTE
146,SERVER-2,172.20.0.2,Oracle Java SE 1.7.0_221 / 1.8.0_211 / 1.11.0_3 / 1.12.0_1 Multiple Vulnerabilities (Apr 2019 CPU),Crítico,9.0,2019-04-16,PENDENTE
147,WORKSTATION-5,172.18.0.5,Oracle Java SE 1.7.0_221 / 1.8.0_211 / 1.11.0_3 / 1.12.0_1 Multiple Vulnerabilities (Apr 2019 CPU),Crítico,9.0,2019-04-16,PENDENTE
148,WORKSTATION-1,172.18.0.1,"VMSA-2019-0006 : VMware ESXi, Workstation and Fusion updates address multiple out-of-bounds read vulnerabilities",Médio,6.8,2019-04-15,PENDENTE
149,WORKSTATION-3,172.18.0.3,"VMSA-2019-0006 : VMware ESXi, Workstation and Fusion updates address multiple out-of-bounds read vulnerabilities",Médio,6.8,2019-04-15,PENDENTE
150,WORKSTATION-2,172.18.0.2,"VMSA-2019-0006 : VMware ESXi, Workstation and Fusion updates address multiple out-of-bounds read vulnerabilities",Médio,6.8,2019-04-15,PENDENTE
151,WORKSTATION-4,172.18.0.4,CentOS 7 : python (CESA-2019:0710),Crítico,9.8,2019-03-08,PENDENTE
152,WORKSTATION-7,172.18.0.7,KB4493470: Windows 10 Version 1607 and Windows Server 2016 April 2019 Security Update,Alto,8.8,2019-04-09,PENDENTE
153,WORKSTATION-9,172.18.0.9,Apache 2.4.x < 2.4.39 Multiple Vulnerabilities,Alto,7.8,2019-04-01,PENDENTE
154,WORKSTATION-1,172.18.0.1,"VMSA-2019-0005 : VMware ESXi, Workstation and Fusion updates address multiple security issues",Alto,8.8,2019-04-01,PENDENTE
155,WORKSTATION-2,172.18.0.2,"VMSA-2019-0005 : VMware ESXi, Workstation and Fusion updates address multiple security issues",Alto,8.8,2019-04-01,PENDENTE
156,WORKSTATION-3,172.18.0.3,"VMSA-2019-0005 : VMware ESXi, Workstation and Fusion updates address multiple security issues",Alto,8.8,2019-04-01,PENDENTE
157,WORKSTATION-3,172.18.0.3,ESXi 6.0 / 6.5 / 6.7 Multiple Vulnerabilities (VMSA-2019-0005) (Remote Check),Médio,6.8,2019-03-28,PENDENTE
158,WORKSTATION-2,172.18.0.2,ESXi 6.0 / 6.5 / 6.7 Multiple Vulnerabilities (VMSA-2019-0005) (Remote Check),Médio,6.8,2019-03-28,PENDENTE
159,WORKSTATION-1,172.18.0.1,ESXi 6.0 / 6.5 / 6.7 Multiple Vulnerabilities (VMSA-2019-0005) (Remote Check),Médio,6.8,2019-03-28,PENDENTE
160,WORKSTATION-4,172.18.0.4,CentOS 7 : libssh2 (CESA-2019:0679),Alto,8.8,2019-03-21,PENDENTE
161,WORKSTATION-8,172.18.0.8,Mozilla Firefox < 66.0.1,Alto,8.8,2019-03-22,PENDENTE
162,WORKSTATION-7,172.18.0.7,Security Updates for Windows 10 / Windows Server 2019 (February 2019) (Spectre) (Meltdown) (Foreshadow),Médio,5.5,2018-05-22,PENDENTE
163,WORKSTATION-7,172.18.0.7,Security Updates for Windows 10 / Windows Server 2016 / Windows Server 2019 (March 2019) (Spectre) (Meltdown) (Foreshadow),Médio,5.5,2018-05-22,PENDENTE
164,WORKSTATION-10,172.18.0.10,Elasticsearch ESA-2019-04,Alto,8.1,2019-02-19,PENDENTE
165,WORKSTATION-4,172.18.0.4,CentOS 7 : tomcat (CESA-2019:0485),Médio,4.3,2018-10-04,PENDENTE
166,WORKSTATION-4,172.18.0.4,CentOS 7 : openssl (CESA-2019:0483),Médio,4.7,2018-11-15,PENDENTE
167,WORKSTATION-4,172.18.0.4,CentOS 7 : kernel (CESA-2019:0512),Alto,7.8,2018-10-03,PENDENTE
168,WORKSTATION-8,172.18.0.8,Mozilla Firefox < 66.0,Crítico,9.8,2019-03-19,PENDENTE
169,SERVER-4,172.20.0.4,RARLAB WinRAR < 5.70 Beta 1 Multiple Vulnerabilities,Alto,7.8,2019-02-20,PENDENTE
170,WORKSTATION-5,172.18.0.5,RARLAB WinRAR < 5.70 Beta 1 Multiple Vulnerabilities,Alto,7.8,2019-02-20,PENDENTE
171,SERVER-1,172.20.0.1,RARLAB WinRAR < 5.70 Beta 1 Multiple Vulnerabilities,Alto,7.8,2019-02-20,PENDENTE
172,WORKSTATION-4,172.18.0.4,CentOS 7 : systemd (CESA-2019:0368),Médio,5.5,2019-03-21,PENDENTE
173,WORKSTATION-4,172.18.0.4,CentOS 7 : polkit (CESA-2019:0230),Médio,6.7,2019-01-11,PENDENTE
174,WORKSTATION-8,172.18.0.8,Mozilla Firefox < 65.0.1,Alto,8.8,2019-02-12,PENDENTE
175,WORKSTATION-9,172.18.0.9,Apache 2.4.x < 2.4.33 Multiple Vulnerabilities,Crítico,9.8,2018-03-21,PENDENTE
176,WORKSTATION-4,172.18.0.4,CentOS 7 : systemd (CESA-2019:0201),Baixo,3.3,2019-01-28,PENDENTE
177,WORKSTATION-4,172.18.0.4,CentOS 7 : kernel (CESA-2019:0163),Alto,8.1,2018-10-22,PENDENTE
178,WORKSTATION-5,172.18.0.5,Oracle Java SE 1.7.x < 1.7.0_211 / 1.8.x < 1.8.0_201 / 1.11.x < 1.11.0_2 Multiple Vulnerabilities (January 2019 CPU),Baixo,3.7,2019-01-15,PENDENTE
179,SERVER-2,172.20.0.2,Oracle Java SE 1.7.x < 1.7.0_211 / 1.8.x < 1.8.0_201 / 1.11.x < 1.11.0_2 Multiple Vulnerabilities (January 2019 CPU),Baixo,3.7,2019-01-15,PENDENTE
180,WORKSTATION-9,172.18.0.9,Apache 2.4.x < 2.4.38 Multiple Vulnerabilities,Alto,7.5,2019-01-22,PENDENTE
181,WORKSTATION-4,172.18.0.4,CentOS 7 : systemd (CESA-2019:0049),Crítico,9.8,2018-10-26,PENDENTE
182,WORKSTATION-4,172.18.0.4,CentOS 7 : perl (CESA-2019:0109),Crítico,9.8,2018-12-07,PENDENTE
183,WORKSTATION-8,172.18.0.8,Security Updates for Windows 10 / Windows Server 2016 (January 2019) (Spectre),Médio,5.6,2018-01-04,PENDENTE
184,WORKSTATION-4,172.18.0.4,CentOS 7 : gnutls (CESA-2018:3050),Médio,5.9,2018-08-22,PENDENTE
185,WORKSTATION-4,172.18.0.4,CentOS 7 : NetworkManager (CESA-2018:3665),Crítico,9.8,2018-10-26,PENDENTE
186,WORKSTATION-4,172.18.0.4,CentOS 7 : kernel (CESA-2018:3651),Alto,7.0,2018-09-25,PENDENTE
187,WORKSTATION-2,172.18.0.2,"VMSA-2018-0027 : VMware ESXi, Workstation, and Fusion updates address uninitialized stack memory usage",Alto,8.8,2018-12-04,PENDENTE
188,WORKSTATION-3,172.18.0.3,"VMSA-2018-0027 : VMware ESXi, Workstation, and Fusion updates address uninitialized stack memory usage",Alto,8.8,2018-12-04,PENDENTE
189,WORKSTATION-1,172.18.0.1,"VMSA-2018-0027 : VMware ESXi, Workstation, and Fusion updates address uninitialized stack memory usage",Alto,8.8,2018-12-04,PENDENTE
190,WORKSTATION-3,172.18.0.3,ESXi 6.0 / 6.5 / 6.7 Out-of-Bounds Read Vulnerability (VMSA-2018-0026) (Remote Check),Alto,8.8,2018-10-16,PENDENTE
191,WORKSTATION-2,172.18.0.2,ESXi 6.0 / 6.5 / 6.7 Out-of-Bounds Read Vulnerability (VMSA-2018-0026) (Remote Check),Alto,8.8,2018-10-16,PENDENTE
192,WORKSTATION-1,172.18.0.1,ESXi 6.0 / 6.5 / 6.7 Out-of-Bounds Read Vulnerability (VMSA-2018-0026) (Remote Check),Alto,8.8,2018-10-16,PENDENTE
193,WORKSTATION-3,172.18.0.3,ESXi 6.0 / 6.5 / 6.7 Multiple Vulnerabilities (VMSA-2018-0027) (Remote Check),Alto,8.8,2018-11-09,PENDENTE
194,WORKSTATION-1,172.18.0.1,ESXi 6.0 / 6.5 / 6.7 Multiple Vulnerabilities (VMSA-2018-0027) (Remote Check),Alto,8.8,2018-11-09,PENDENTE
195,WORKSTATION-2,172.18.0.2,ESXi 6.0 / 6.5 / 6.7 Multiple Vulnerabilities (VMSA-2018-0027) (Remote Check),Alto,8.8,2018-11-09,PENDENTE
196,WORKSTATION-10,172.18.0.10,Elasticsearch ESA-2018-16,Médio,6.5,2018-11-06,PENDENTE
197,WORKSTATION-4,172.18.0.4,CentOS 7 : wpa_supplicant (CESA-2018:3107),Médio,6.5,2018-08-08,PENDENTE
198,WORKSTATION-4,172.18.0.4,CentOS 7 : wget (CESA-2018:3052),Médio,6.5,2018-05-06,PENDENTE
199,WORKSTATION-4,172.18.0.4,CentOS 7 : setup (CESA-2018:3249),Médio,5.3,2018-07-03,PENDENTE
200,WORKSTATION-4,172.18.0.4,CentOS 7 : python (CESA-2018:3041),Alto,7.5,2018-06-18,PENDENTE
201,WORKSTATION-4,172.18.0.4,CentOS 7 : PackageKit / accountsservice / adwaita-icon-theme / appstream-data / at-spi2-atk / etc (CESA-2018:3140),Crítico,9.8,2018-05-04,PENDENTE
202,WORKSTATION-4,172.18.0.4,CentOS 7 : openssl (CESA-2018:3221),Alto,7.5,2017-08-28,PENDENTE
203,WORKSTATION-4,172.18.0.4,CentOS 7 : libmspack (CESA-2018:3327),Alto,8.8,2018-07-28,PENDENTE
204,WORKSTATION-4,172.18.0.4,CentOS 7 : krb5 (CESA-2018:3071),Médio,4.7,2018-03-06,PENDENTE
205,WORKSTATION-4,172.18.0.4,CentOS 7 : kernel (CESA-2018:3083),Alto,7.8,2016-05-02,PENDENTE
206,WORKSTATION-4,172.18.0.4,CentOS 7 : glibc (CESA-2018:3092),Crítico,9.8,2017-12-18,PENDENTE
207,WORKSTATION-4,172.18.0.4,CentOS 7 : git (CESA-2018:3408),Crítico,9.8,2018-10-06,PENDENTE
208,WORKSTATION-4,172.18.0.4,CentOS 7 : fuse (CESA-2018:3324),Alto,7.8,2018-07-24,PENDENTE
209,WORKSTATION-4,172.18.0.4,CentOS 7 : freeglut / libX11 / libXcursor / libXfont / libXfont2 / libXres / libdrm / libepoxy / etc (CESA-2018:3059),Crítico,9.8,2018-08-01,PENDENTE
210,WORKSTATION-4,172.18.0.4,CentOS 7 : curl / nss-pem (CESA-2018:3157),Crítico,9.8,2018-01-24,PENDENTE
211,WORKSTATION-4,172.18.0.4,CentOS 7 : binutils (CESA-2018:3032),Alto,7.8,2018-02-18,PENDENTE
212,WORKSTATION-8,172.18.0.8,KB4343887: Windows 10 Version 1607 and Windows Server 2016 August 2018 Security Update (Foreshadow),Alto,8.8,2018-08-14,PENDENTE
213,WORKSTATION-8,172.18.0.8,KB4056890: Windows 10 Version 1607 and Windows Server 2016 January 2018 Security Update (Meltdown)(Spectre),Alto,7.5,2018-01-04,PENDENTE
214,SERVER-2,172.20.0.2,Oracle Java SE Multiple Vulnerabilities (October 2018 CPU),Crítico,9.0,2018-10-16,PENDENTE
215,SERVER-3,172.20.0.3,Oracle Java SE Multiple Vulnerabilities (October 2018 CPU),Crítico,9.0,2018-10-16,PENDENTE
216,WORKSTATION-5,172.18.0.5,Oracle Java SE Multiple Vulnerabilities (October 2018 CPU),Crítico,9.0,2018-10-16,PENDENTE
217,SERVER-3,172.20.0.3,Oracle Java SE Multiple Vulnerabilities (July 2018 CPU),Crítico,9.0,2018-07-17,PENDENTE
218,SERVER-3,172.20.0.3,Oracle Java SE Multiple Vulnerabilities (January 2018 CPU),Alto,8.3,2018-01-16,PENDENTE
219,WORKSTATION-9,172.18.0.9,Apache 2.4.x < 2.4.35 DoS,Médio,5.9,2018-09-25,PENDENTE
220,WORKSTATION-9,172.18.0.9,Apache 2.4.x < 2.4.34 Multiple Vulnerabilities,Alto,7.5,2018-07-15,PENDENTE
221,WORKSTATION-9,172.18.0.9,Apache 2.4.x < 2.4.33 Multiple Vulnerabilities (deprecated),Crítico,9.8,2018-03-23,PENDENTE
222,WORKSTATION-1,172.18.0.1,"VMSA-2018-0026 : VMware ESXi, Workstation, and Fusion updates address an out-of-bounds read vulnerability",Alto,8.8,2018-10-16,PENDENTE
223,WORKSTATION-3,172.18.0.3,"VMSA-2018-0026 : VMware ESXi, Workstation, and Fusion updates address an out-of-bounds read vulnerability",Alto,8.8,2018-10-16,PENDENTE
224,WORKSTATION-2,172.18.0.2,"VMSA-2018-0026 : VMware ESXi, Workstation, and Fusion updates address an out-of-bounds read vulnerability",Alto,8.8,2018-10-16,PENDENTE
225,WORKSTATION-1,172.18.0.1,"VMSA-2018-0018 : VMware Horizon View Agent, VMware ESXi, Workstation, and Fusion updates resolve multiple security issues",Alto,7.8,,PENDENTE
226,WORKSTATION-2,172.18.0.2,"VMSA-2018-0018 : VMware Horizon View Agent, VMware ESXi, Workstation, and Fusion updates resolve multiple security issues",Alto,7.8,,PENDENTE
227,WORKSTATION-3,172.18.0.3,"VMSA-2018-0018 : VMware Horizon View Agent, VMware ESXi, Workstation, and Fusion updates resolve multiple security issues",Alto,7.8,,PENDENTE
228,WORKSTATION-3,172.18.0.3,"VMSA-2018-0012 : VMware vSphere, Workstation and Fusion updates enable Hypervisor-Assisted Guest Mitigations for Speculative Store Bypass issue (Spectre)",Médio,5.6,,PENDENTE
229,WORKSTATION-2,172.18.0.2,"VMSA-2018-0012 : VMware vSphere, Workstation and Fusion updates enable Hypervisor-Assisted Guest Mitigations for Speculative Store Bypass issue (Spectre)",Médio,5.6,,PENDENTE
230,WORKSTATION-1,172.18.0.1,"VMSA-2018-0012 : VMware vSphere, Workstation and Fusion updates enable Hypervisor-Assisted Guest Mitigations for Speculative Store Bypass issue (Spectre)",Médio,5.6,,PENDENTE
231,WORKSTATION-9,172.18.0.9,VMware vCenter Server 5.5.x / 6.0.x / 6.5.x / 6.7.x Speculative Execution Side Channel Vulnerability (Foreshadow) (VMSA-2018-0020),Médio,5.6,2018-08-14,PENDENTE
232,WORKSTATION-11,172.18.0.11,Pivotal Software Redis LUA < 3.2.12 / 4.0.x < 4.0.10 / 5.0 < 5.0rc2 Multiple Vulnerabilities,Crítico,9.8,2018-06-14,PENDENTE
233,WORKSTATION-1,172.18.0.1,ESXi 6.5 < Build 6765664 Heap Buffer Overflow (VMSA-2017-0021) (remote check),Alto,7.5,2017-12-19,PENDENTE
234,WORKSTATION-3,172.18.0.3,ESXi 6.5 < Build 6765664 Heap Buffer Overflow (VMSA-2017-0021) (remote check),Alto,7.5,2017-12-19,PENDENTE
235,WORKSTATION-2,172.18.0.2,ESXi 6.5 < Build 6765664 Heap Buffer Overflow (VMSA-2017-0021) (remote check),Alto,7.5,2017-12-19,PENDENTE
236,WORKSTATION-1,172.18.0.1,ESXi 5.5 / 6.0 / 6.5 / Multiple Vulnerabilities (VMSA-2017-0021) (VMSA-2018-0002) (Spectre) (remote check),Alto,7.5,2017-12-19,PENDENTE
237,WORKSTATION-3,172.18.0.3,ESXi 5.5 / 6.0 / 6.5 / Multiple Vulnerabilities (VMSA-2017-0021) (VMSA-2018-0002) (Spectre) (remote check),Alto,7.5,2017-12-19,PENDENTE
238,WORKSTATION-2,172.18.0.2,ESXi 5.5 / 6.0 / 6.5 / Multiple Vulnerabilities (VMSA-2017-0021) (VMSA-2018-0002) (Spectre) (remote check),Alto,7.5,2017-12-19,PENDENTE
239,WORKSTATION-3,172.18.0.3,ESXi 5.5 / 6.0 / 6.5 / 6.7 Speculative Execution Side Channel Vulnerability (Foreshadow) (VMSA-2018-0020) (remote check),Médio,5.6,2018-08-14,PENDENTE
240,WORKSTATION-1,172.18.0.1,ESXi 5.5 / 6.0 / 6.5 / 6.7 Speculative Execution Side Channel Vulnerability (Foreshadow) (VMSA-2018-0020) (remote check),Médio,5.6,2018-08-14,PENDENTE
241,WORKSTATION-2,172.18.0.2,ESXi 5.5 / 6.0 / 6.5 / 6.7 Speculative Execution Side Channel Vulnerability (Foreshadow) (VMSA-2018-0020) (remote check),Médio,5.6,2018-08-14,PENDENTE
242,WORKSTATION-4,172.18.0.4,CentOS 7 : yum-utils (CESA-2018:2285),Alto,8.1,2018-08-01,PENDENTE
243,WORKSTATION-4,172.18.0.4,CentOS 7 : tomcat (CESA-2018:2921),Alto,7.5,2018-08-02,PENDENTE
244,WORKSTATION-4,172.18.0.4,CentOS 7 : python (CESA-2018:2123),Alto,7.5,2016-09-01,PENDENTE
245,WORKSTATION-4,172.18.0.4,CentOS 7 : procps-ng (CESA-2018:1700),Crítico,9.8,2018-05-23,PENDENTE
246,WORKSTATION-4,172.18.0.4,CentOS 7 : postgresql (CESA-2018:2557),Alto,7.5,2018-08-09,PENDENTE
247,WORKSTATION-4,172.18.0.4,CentOS 7 : policycoreutils (CESA-2018:0913),Médio,4.4,2018-03-02,PENDENTE
248,WORKSTATION-4,172.18.0.4,CentOS 7 : patch (CESA-2018:1200),Alto,7.8,2018-04-06,PENDENTE
249,WORKSTATION-4,172.18.0.4,CentOS 7 : openssl (CESA-2018:0998),Médio,6.5,2017-11-02,PENDENTE
250,WORKSTATION-4,172.18.0.4,CentOS 7 : openssh (CESA-2018:0980),Médio,5.3,2017-10-26,PENDENTE
251,WORKSTATION-4,172.18.0.4,CentOS 7 : ntp (CESA-2018:0855),Alto,7.8,2017-03-27,PENDENTE
252,WORKSTATION-4,172.18.0.4,CentOS 7 : nss (CESA-2018:2768),Médio,5.9,2019-04-29,PENDENTE
253,WORKSTATION-4,172.18.0.4,CentOS 7 : mariadb (CESA-2018:2439),Alto,7.7,2017-08-08,PENDENTE
254,WORKSTATION-4,172.18.0.4,CentOS 7 : krb5 (CESA-2018:0666),Médio,6.5,2017-08-09,PENDENTE
255,WORKSTATION-4,172.18.0.4,CentOS 7 : kernel (CESA-2018:2748),Alto,7.8,2018-09-25,PENDENTE
256,WORKSTATION-4,172.18.0.4,CentOS 7 : kernel (CESA-2018:2384) (Foreshadow),Alto,7.8,2018-01-12,PENDENTE
257,WORKSTATION-4,172.18.0.4,CentOS 7 : kernel (CESA-2018:1965) (Spectre),Alto,7.0,2017-07-24,PENDENTE
258,WORKSTATION-4,172.18.0.4,CentOS 7 : kernel (CESA-2018:1852),Médio,5.6,2018-06-21,PENDENTE
259,WORKSTATION-4,172.18.0.4,CentOS 7 : kernel (CESA-2018:1629) (Spectre),Médio,5.5,2018-05-22,PENDENTE
260,WORKSTATION-4,172.18.0.4,CentOS 7 : kernel (CESA-2018:1318),Alto,7.8,2017-11-24,PENDENTE
261,WORKSTATION-4,172.18.0.4,CentOS 7 : kernel (CESA-2018:0395),Alto,7.8,2017-10-11,PENDENTE
262,WORKSTATION-4,172.18.0.4,CentOS 7 : java-1.8.0-openjdk (CESA-2018:2942),Crítico,9.0,2018-10-17,PENDENTE
263,WORKSTATION-4,172.18.0.4,CentOS 7 : java-1.8.0-openjdk (CESA-2018:2242),Baixo,3.7,2018-07-18,PENDENTE
264,WORKSTATION-4,172.18.0.4,CentOS 7 : java-1.8.0-openjdk (CESA-2018:1649) (Spectre),Médio,5.5,2018-05-22,PENDENTE
265,WORKSTATION-4,172.18.0.4,CentOS 7 : java-1.8.0-openjdk (CESA-2018:1191),Alto,8.3,2018-04-19,PENDENTE
266,WORKSTATION-4,172.18.0.4,CentOS 7 : gnupg2 (CESA-2018:2181),Alto,7.5,2018-06-08,PENDENTE
267,WORKSTATION-4,172.18.0.4,CentOS 7 : glibc (CESA-2018:0805),Crítico,9.8,2015-02-24,PENDENTE
268,WORKSTATION-4,172.18.0.4,CentOS 7 : git (CESA-2018:1957),Alto,7.8,2018-05-30,PENDENTE
269,WORKSTATION-4,172.18.0.4,CentOS 7 : gcc (CESA-2018:0849),Médio,4.0,2017-07-26,PENDENTE
270,WORKSTATION-9,172.18.0.9,VMware vCenter Server 5.5.x < 5.5U3g / 6.0.x < 6.0U3d / 6.5.x < 6.5U1e Hypervisor-Assisted Guest Remediation (VMSA-2018-0004) (Spectre),Médio,5.6,2018-01-03,PENDENTE
271,WORKSTATION-1,172.18.0.1,"VMSA-2018-0004 : VMware vSphere, Workstation and Fusion updates add Hypervisor-Assisted Guest Remediation for speculative execution issue (Spectre)",Médio,5.6,2018-01-04,PENDENTE
272,WORKSTATION-2,172.18.0.2,"VMSA-2018-0004 : VMware vSphere, Workstation and Fusion updates add Hypervisor-Assisted Guest Remediation for speculative execution issue (Spectre)",Médio,5.6,2018-01-04,PENDENTE
273,WORKSTATION-3,172.18.0.3,"VMSA-2018-0004 : VMware vSphere, Workstation and Fusion updates add Hypervisor-Assisted Guest Remediation for speculative execution issue (Spectre)",Médio,5.6,2018-01-04,PENDENTE
274,WORKSTATION-2,172.18.0.2,"VMSA-2018-0002 : VMware ESXi, Workstation and Fusion updates address side-channel analysis due to speculative execution. (Spectre)",Médio,5.6,,PENDENTE
275,WORKSTATION-3,172.18.0.3,"VMSA-2018-0002 : VMware ESXi, Workstation and Fusion updates address side-channel analysis due to speculative execution. (Spectre)",Médio,5.6,,PENDENTE
276,WORKSTATION-1,172.18.0.1,"VMSA-2018-0002 : VMware ESXi, Workstation and Fusion updates address side-channel analysis due to speculative execution. (Spectre)",Médio,5.6,,PENDENTE
277,WORKSTATION-1,172.18.0.1,"VMSA-2017-0021 : VMware ESXi, vCenter Server Appliance, Workstation and Fusion updates address multiple security vulnerabilities",Alto,7.8,,PENDENTE
278,WORKSTATION-2,172.18.0.2,"VMSA-2017-0021 : VMware ESXi, vCenter Server Appliance, Workstation and Fusion updates address multiple security vulnerabilities",Alto,7.8,,PENDENTE
279,WORKSTATION-3,172.18.0.3,"VMSA-2017-0021 : VMware ESXi, vCenter Server Appliance, Workstation and Fusion updates address multiple security vulnerabilities",Alto,7.8,,PENDENTE
280,WORKSTATION-8,172.18.0.8,KB4074590: Windows 10 Version 1607 and Windows Server 2016 February 2018 Security Update (Meltdown)(Spectre),Alto,7.5,2018-02-13,PENDENTE
281,WORKSTATION-12,172.18.0.12,TLS Version 1.0 Protocol Detection,Médio,6.5,,PENDENTE
282,WORKSTATION-3,172.18.0.3,TLS Version 1.0 Protocol Detection,Médio,6.5,,PENDENTE
283,SERVER-3,172.20.0.3,TLS Version 1.0 Protocol Detection,Médio,6.5,,PENDENTE
284,WORKSTATION-2,172.18.0.2,TLS Version 1.0 Protocol Detection,Médio,6.5,,PENDENTE
285,WORKSTATION-9,172.18.0.9,TLS Version 1.0 Protocol Detection,Médio,6.5,,PENDENTE
286,SERVER-2,172.20.0.2,TLS Version 1.0 Protocol Detection,Médio,6.5,,PENDENTE
287,SERVER-4,172.20.0.4,TLS Version 1.0 Protocol Detection,Médio,6.5,,PENDENTE
288,WORKSTATION-13,172.18.0.13,TLS Version 1.0 Protocol Detection,Médio,6.5,,PENDENTE
289,SERVER-5,172.20.0.5,TLS Version 1.0 Protocol Detection,Médio,6.5,,PENDENTE
290,WORKSTATION-14,172.18.0.14,TLS Version 1.0 Protocol Detection,Médio,6.5,,PENDENTE
291,SERVER-6,172.20.0.6,TLS Version 1.0 Protocol Detection,Médio,6.5,,PENDENTE
292,SERVER-7,172.20.0.7,TLS Version 1.0 Protocol Detection,Médio,6.5,,PENDENTE
293,SERVER-8,172.20.0.8,TLS Version 1.0 Protocol Detection,Médio,6.5,,PENDENTE
294,WORKSTATION-4,172.18.0.4,TLS Version 1.0 Protocol Detection,Médio,6.5,,PENDENTE
295,WORKSTATION-8,172.18.0.8,TLS Version 1.0 Protocol Detection,Médio,6.5,,PENDENTE
296,WORKSTATION-6,172.18.0.6,TLS Version 1.0 Protocol Detection,Médio,6.5,,PENDENTE
297,WORKSTATION-5,172.18.0.5,TLS Version 1.0 Protocol Detection,Médio,6.5,,PENDENTE
298,WORKSTATION-15,172.18.0.15,TLS Version 1.0 Protocol Detection,Médio,6.5,,PENDENTE
299,WORKSTATION-7,172.18.0.7,TLS Version 1.0 Protocol Detection,Médio,6.5,,PENDENTE
300,SERVER-9,172.20.0.9,TLS Version 1.0 Protocol Detection,Médio,6.5,,PENDENTE
301,WORKSTATION-16,172.18.0.16,TLS Version 1.0 Protocol Detection,Médio,6.5,,PENDENTE
302,SERVER-1,172.20.0.1,TLS Version 1.0 Protocol Detection,Médio,6.5,,PENDENTE
303,WORKSTATION-17,172.18.0.17,TLS Version 1.0 Protocol Detection,Médio,6.5,,PENDENTE
304,SERVER-10,172.20.0.10,TLS Version 1.0 Protocol Detection,Médio,6.5,,PENDENTE
305,WORKSTATION-18,172.18.0.18,TLS Version 1.0 Protocol Detection,Médio,6.5,,PENDENTE
306,WORKSTATION-1,172.18.0.1,TLS Version 1.0 Protocol Detection,Médio,6.5,,PENDENTE
307,WORKSTATION-9,172.18.0.9,VMware vCenter Server 6.5.x < 6.5u1f Multiple Vulnerabilities (VMSA-2018-0007) (Spectre-1) (Meltdown),Médio,5.6,2018-01-02,PENDENTE
308,SERVER-3,172.20.0.3,Oracle Java SE Multiple Vulnerabilities (April 2018 CPU),Alto,7.4,2018-04-17,PENDENTE
309,WORKSTATION-6,172.18.0.6,Windows Defender Antimalware/Antivirus Signature Definition Check,Alto,,,PENDENTE
310,WORKSTATION-2,172.18.0.2,ESXi 6.5 < Build 5969300 Multiple Vulnerabilities (VMSA-2017-0015) (remote check),Alto,8.8,2017-09-14,PENDENTE
311,WORKSTATION-1,172.18.0.1,ESXi 6.5 < Build 5969300 Multiple Vulnerabilities (VMSA-2017-0015) (remote check),Alto,8.8,2017-09-14,PENDENTE
312,WORKSTATION-3,172.18.0.3,ESXi 6.5 < Build 5969300 Multiple Vulnerabilities (VMSA-2017-0015) (remote check),Alto,8.8,2017-09-14,PENDENTE
313,WORKSTATION-9,172.18.0.9,Apache 2.4.x < 2.4.28 HTTP Vulnerability (OptionsBleed),Alto,7.5,2017-09-18,PENDENTE
314,WORKSTATION-3,172.18.0.3,"VMSA-2017-0006 : VMware ESXi, Workstation and Fusion updates address critical and moderate security issues",Alto,8.8,,PENDENTE
315,SERVER-3,172.20.0.3,Oracle Java SE Multiple Vulnerabilities (October 2017 CPU),Crítico,9.8,2017-10-17,PENDENTE
316,SERVER-3,172.20.0.3,Oracle Java SE Multiple Vulnerabilities (July 2017 CPU),Crítico,9.6,2017-07-18,PENDENTE
317,WORKSTATION-1,172.18.0.1,"VMSA-2017-0015 : VMware ESXi, vCenter Server, Fusion and Workstation updates resolve multiple security vulnerabilities",Alto,8.8,,PENDENTE
318,WORKSTATION-2,172.18.0.2,"VMSA-2017-0015 : VMware ESXi, vCenter Server, Fusion and Workstation updates resolve multiple security vulnerabilities",Alto,8.8,,PENDENTE
319,WORKSTATION-3,172.18.0.3,"VMSA-2017-0015 : VMware ESXi, vCenter Server, Fusion and Workstation updates resolve multiple security vulnerabilities",Alto,8.8,,PENDENTE
320,WORKSTATION-11,172.18.0.11,Redis Server Unprotected by Password Authentication,Crítico,9.8,,PENDENTE
321,WORKSTATION-3,172.18.0.3,ESXi 6.5 < Build 5224529 Multiple Vulnerabilities (VMSA-2017-0006) (remote check),Alto,8.8,2017-03-17,PENDENTE
322,WORKSTATION-8,172.18.0.8,KB4022715: Windows 10 Version 1607 and Windows Server 2016 June 2017 Cumulative Update,Crítico,9.8,2017-06-13,PENDENTE
323,SERVER-3,172.20.0.3,Oracle Java SE Multiple Vulnerabilities (April 2017 CPU),Alto,8.3,2017-04-18,PENDENTE
324,SERVER-3,172.20.0.3,Oracle Java SE Multiple Vulnerabilities (July 2016 CPU),Crítico,9.6,2016-04-23,PENDENTE
325,SERVER-3,172.20.0.3,Oracle Java SE Multiple Vulnerabilities (January 2017 CPU) (SWEET32),Crítico,9.6,2016-08-24,PENDENTE
326,SERVER-3,172.20.0.3,Oracle Java SE Multiple Vulnerabilities (October 2016 CPU),Crítico,9.6,2016-10-18,PENDENTE
327,WORKSTATION-18,172.18.0.18,AMQP Cleartext Authentication,Médio,4.3,,PENDENTE
328,WORKSTATION-11,172.18.0.11,AMQP Cleartext Authentication,Médio,4.3,,PENDENTE
329,SERVER-3,172.20.0.3,Oracle Java JDK / JRE 6 < Update 43 Remote Code Execution (Windows),Crítico,10.0,2013-02-28,PENDENTE
330,SERVER-1,172.20.0.1,VMware vSphere Update Manager Java Vulnerability (VMSA-2015-0003),Médio,4.0,2015-01-20,PENDENTE
331,SERVER-9,172.20.0.9,DNS Server Cache Snooping Remote Information Disclosure,Médio,5.3,,PENDENTE
332,SERVER-3,172.20.0.3,DNS Server Cache Snooping Remote Information Disclosure,Médio,5.3,,PENDENTE
333,SERVER-3,172.20.0.3,Oracle Java SE Multiple Vulnerabilities (April 2016 CPU),Crítico,9.6,2016-04-19,PENDENTE
334,SERVER-3,172.20.0.3,Oracle Java SE Multiple Vulnerabilities (April 2014 CPU),Crítico,9.8,2014-04-15,PENDENTE
335,WORKSTATION-12,172.18.0.12,Microsoft Windows Remote Desktop Protocol Server Man-in-the-Middle Weakness,Médio,5.1,2005-05-28,PENDENTE
336,SERVER-1,172.20.0.1,Microsoft Windows Remote Desktop Protocol Server Man-in-the-Middle Weakness,Médio,5.1,2005-05-28,PENDENTE
337,SERVER-1,172.20.0.1,Terminal Services Encryption Level is Medium or Low,Médio,4.3,,PENDENTE
338,WORKSTATION-12,172.18.0.12,Terminal Services Encryption Level is Medium or Low,Médio,4.3,,PENDENTE
339,WORKSTATION-2,172.18.0.2,SNMP 'GETBULK' Reflection DDoS,Médio,5.0,,PENDENTE
340,WORKSTATION-19,172.18.0.19,SNMP 'GETBULK' Reflection DDoS,Médio,5.0,,PENDENTE
341,WORKSTATION-13,172.18.0.13,SNMP 'GETBULK' Reflection DDoS,Médio,5.0,,PENDENTE
342,WORKSTATION-7,172.18.0.7,Microsoft Windows Unquoted Service Path Enumeration,Alto,7.8,2012-09-15,PENDENTE
343,WORKSTATION-8,172.18.0.8,Microsoft Windows Unquoted Service Path Enumeration,Alto,7.8,2012-09-15,PENDENTE
344,SERVER-1,172.20.0.1,Microsoft Windows Unquoted Service Path Enumeration,Alto,7.8,2012-09-15,PENDENTE
345,SERVER-1,172.20.0.1,SSL Certificate with Wrong Hostname,Médio,5.3,,PENDENTE
346,SERVER-4,172.20.0.4,SSL Certificate with Wrong Hostname,Médio,5.3,,PENDENTE
347,SERVER-6,172.20.0.6,SSL Certificate with Wrong Hostname,Médio,5.3,,PENDENTE
348,SERVER-8,172.20.0.8,SSL Certificate with Wrong Hostname,Médio,5.3,,PENDENTE
349,WORKSTATION-5,172.18.0.5,SSL Certificate with Wrong Hostname,Médio,5.3,,PENDENTE
350,WORKSTATION-14,172.18.0.14,SSL Certificate with Wrong Hostname,Médio,5.3,,PENDENTE
351,SERVER-6,172.20.0.6,Terminal Services Doesn't Use Network Level Authentication (NLA) Only,Médio,4.0,,PENDENTE
352,WORKSTATION-8,172.18.0.8,Terminal Services Doesn't Use Network Level Authentication (NLA) Only,Médio,4.0,,PENDENTE
353,SERVER-1,172.20.0.1,Terminal Services Doesn't Use Network Level Authentication (NLA) Only,Médio,4.0,,PENDENTE
354,SERVER-5,172.20.0.5,Terminal Services Doesn't Use Network Level Authentication (NLA) Only,Médio,4.0,,PENDENTE
355,WORKSTATION-12,172.18.0.12,Terminal Services Doesn't Use Network Level Authentication (NLA) Only,Médio,4.0,,PENDENTE
356,SERVER-5,172.20.0.5,DNS Server Dynamic Update Record Injection,Médio,5.0,,PENDENTE
357,SERVER-1,172.20.0.1,SSL RC4 Cipher Suites Supported (Bar Mitzvah),Médio,5.9,2013-03-12,PENDENTE
358,SERVER-6,172.20.0.6,SSL RC4 Cipher Suites Supported (Bar Mitzvah),Médio,5.9,2013-03-12,PENDENTE
359,WORKSTATION-5,172.18.0.5,SSL RC4 Cipher Suites Supported (Bar Mitzvah),Médio,5.9,2013-03-12,PENDENTE
360,SERVER-4,172.20.0.4,SSL RC4 Cipher Suites Supported (Bar Mitzvah),Médio,5.9,2013-03-12,PENDENTE
361,SERVER-5,172.20.0.5,SSL RC4 Cipher Suites Supported (Bar Mitzvah),Médio,5.9,2013-03-12,PENDENTE
362,WORKSTATION-14,172.18.0.14,SSL RC4 Cipher Suites Supported (Bar Mitzvah),Médio,5.9,2013-03-12,PENDENTE
363,SERVER-3,172.20.0.3,SSL RC4 Cipher Suites Supported (Bar Mitzvah),Médio,5.9,2013-03-12,PENDENTE
364,WORKSTATION-16,172.18.0.16,SSL RC4 Cipher Suites Supported (Bar Mitzvah),Médio,5.9,2013-03-12,PENDENTE
365,SERVER-8,172.20.0.8,SSL RC4 Cipher Suites Supported (Bar Mitzvah),Médio,5.9,2013-03-12,PENDENTE
366,SERVER-2,172.20.0.2,SSL RC4 Cipher Suites Supported (Bar Mitzvah),Médio,5.9,2013-03-12,PENDENTE
367,WORKSTATION-7,172.18.0.7,SSL RC4 Cipher Suites Supported (Bar Mitzvah),Médio,5.9,2013-03-12,PENDENTE
368,WORKSTATION-4,172.18.0.4,SSL RC4 Cipher Suites Supported (Bar Mitzvah),Médio,5.9,2013-03-12,PENDENTE
369,WORKSTATION-19,172.18.0.19,SSH Weak Algorithms Supported,Médio,4.3,,PENDENTE
370,SERVER-3,172.20.0.3,Oracle Java SE Multiple Vulnerabilities (January 2016 CPU) (SLOTH),Crítico,9.8,2015-08-14,PENDENTE
371,WORKSTATION-19,172.18.0.19,SSH Weak MAC Algorithms Enabled,Baixo,2.6,,PENDENTE
372,SERVER-3,172.20.0.3,Oracle Java SE Multiple Vulnerabilities (February 2013 CPU Update 1),Crítico,10.0,2013-02-19,PENDENTE
373,SERVER-2,172.20.0.2,SSLv3 Padding Oracle On Downgraded Legacy Encryption Vulnerability (POODLE),Médio,6.8,2014-10-14,PENDENTE
374,WORKSTATION-5,172.18.0.5,SSLv3 Padding Oracle On Downgraded Legacy Encryption Vulnerability (POODLE),Médio,6.8,2014-10-14,PENDENTE
375,SERVER-1,172.20.0.1,SSLv3 Padding Oracle On Downgraded Legacy Encryption Vulnerability (POODLE),Médio,6.8,2014-10-14,PENDENTE
376,SERVER-8,172.20.0.8,SSLv3 Padding Oracle On Downgraded Legacy Encryption Vulnerability (POODLE),Médio,6.8,2014-10-14,PENDENTE
377,SERVER-4,172.20.0.4,SSLv3 Padding Oracle On Downgraded Legacy Encryption Vulnerability (POODLE),Médio,6.8,2014-10-14,PENDENTE
378,SERVER-3,172.20.0.3,Oracle Java SE Multiple Vulnerabilities (January 2015 CPU) (POODLE),Crítico,9.8,2014-10-14,PENDENTE
379,SERVER-3,172.20.0.3,Oracle Java SE Multiple Vulnerabilities (June 2012 CPU),Crítico,9.8,2012-06-12,PENDENTE
380,SERVER-3,172.20.0.3,Oracle Java JDK / JRE 6 < Update 30 Multiple Vulnerabilities,Crítico,9.8,2008-03-04,PENDENTE
381,WORKSTATION-7,172.18.0.7,SMB Signing not required,Médio,5.3,2012-01-17,PENDENTE
382,WORKSTATION-14,172.18.0.14,SMB Signing not required,Médio,5.3,2012-01-17,PENDENTE
383,SERVER-6,172.20.0.6,SMB Signing not required,Médio,5.3,2012-01-17,PENDENTE
384,SERVER-1,172.20.0.1,SMB Signing not required,Médio,5.3,2012-01-17,PENDENTE
385,WORKSTATION-12,172.18.0.12,SMB Signing not required,Médio,5.3,2012-01-17,PENDENTE
386,WORKSTATION-15,172.18.0.15,SMB Signing not required,Médio,5.3,2012-01-17,PENDENTE
387,SERVER-2,172.20.0.2,SMB Signing not required,Médio,5.3,2012-01-17,PENDENTE
388,SERVER-4,172.20.0.4,SMB Signing not required,Médio,5.3,2012-01-17,PENDENTE
389,WORKSTATION-17,172.18.0.17,SMB Signing not required,Médio,5.3,2012-01-17,PENDENTE
390,SERVER-8,172.20.0.8,SMB Signing not required,Médio,5.3,2012-01-17,PENDENTE
391,WORKSTATION-5,172.18.0.5,SMB Signing not required,Médio,5.3,2012-01-17,PENDENTE
392,SERVER-3,172.20.0.3,Oracle Java SE Multiple Vulnerabilities (February 2013 CPU),Crítico,9.8,2013-01-19,PENDENTE
393,SERVER-4,172.20.0.4,Microsoft Windows Update Reboot Required,Alto,7.2,,PENDENTE
394,SERVER-1,172.20.0.1,Microsoft Windows Update Reboot Required,Alto,7.2,,PENDENTE
395,SERVER-3,172.20.0.3,Oracle Java SE Multiple Vulnerabilities (July 2014 CPU),Crítico,9.8,2014-07-15,PENDENTE
396,SERVER-3,172.20.0.3,Oracle Java SE Multiple Vulnerabilities (October 2012 CPU),Crítico,9.8,2012-10-16,PENDENTE
397,SERVER-4,172.20.0.4,Microsoft SQL Server Unsupported Version Detection,Crítico,10.0,,PENDENTE
398,WORKSTATION-5,172.18.0.5,Microsoft SQL Server Unsupported Version Detection,Crítico,10.0,,PENDENTE
399,SERVER-3,172.20.0.3,Oracle Java SE Multiple Vulnerabilities (October 2013 CPU),Crítico,9.8,2013-10-15,PENDENTE
400,WORKSTATION-5,172.18.0.5,SSL DROWN Attack Vulnerability (Decrypting RSA with Obsolete and Weakened eNcryption),Médio,5.9,2016-03-01,PENDENTE
401,SERVER-2,172.20.0.2,SSL DROWN Attack Vulnerability (Decrypting RSA with Obsolete and Weakened eNcryption),Médio,5.9,2016-03-01,PENDENTE
402,SERVER-3,172.20.0.3,Oracle Java SE Multiple Vulnerabilities (February 2012 CPU),Crítico,9.8,2012-02-14,PENDENTE
403,WORKSTATION-5,172.18.0.5,SSL/TLS Diffie-Hellman Modulus <= 1024 Bits (Logjam),Baixo,3.7,2015-05-20,PENDENTE
404,SERVER-4,172.20.0.4,SSL/TLS Diffie-Hellman Modulus <= 1024 Bits (Logjam),Baixo,3.7,2015-05-20,PENDENTE
405,SERVER-2,172.20.0.2,SSL/TLS Diffie-Hellman Modulus <= 1024 Bits (Logjam),Baixo,3.7,2015-05-20,PENDENTE
406,SERVER-1,172.20.0.1,Microsoft XML Parser (MSXML) and XML Core Services Unsupported,Crítico,10.0,,PENDENTE
407,WORKSTATION-12,172.18.0.12,Microsoft Windows SMB Shares Unprivileged Access,Alto,7.5,1999-07-14,PENDENTE
408,SERVER-5,172.20.0.5,Microsoft Windows SMB Shares Unprivileged Access,Alto,7.5,1999-07-14,PENDENTE
409,SERVER-7,172.20.0.7,Web Server Generic 3xx Redirect,Médio,4.3,,PENDENTE
410,SERVER-3,172.20.0.3,Oracle Java SE Multiple Vulnerabilities (January 2014 CPU),Crítico,9.8,2014-01-14,PENDENTE
411,WORKSTATION-4,172.18.0.4,HTTP TRACE / TRACK Methods Allowed,Médio,5.3,2003-01-20,PENDENTE
412,SERVER-7,172.20.0.7,HTTP TRACE / TRACK Methods Allowed,Médio,5.3,2003-01-20,PENDENTE
413,SERVER-3,172.20.0.3,Oracle Java SE Multiple Vulnerabilities (April 2015 CPU) (FREAK),Crítico,9.8,2015-04-14,PENDENTE
414,SERVER-6,172.20.0.6,SSL Certificate Cannot Be Trusted,Médio,6.5,,PENDENTE
415,WORKSTATION-5,172.18.0.5,SSL Certificate Cannot Be Trusted,Médio,6.5,,PENDENTE
416,SERVER-2,172.20.0.2,SSL Certificate Cannot Be Trusted,Médio,6.5,,PENDENTE
417,SERVER-1,172.20.0.1,SSL Certificate Cannot Be Trusted,Médio,6.5,,PENDENTE
418,SERVER-10,172.20.0.10,SSL Certificate Cannot Be Trusted,Médio,6.5,,PENDENTE
419,WORKSTATION-8,172.18.0.8,SSL Certificate Cannot Be Trusted,Médio,6.5,,PENDENTE
420,SERVER-9,172.20.0.9,SSL Certificate Cannot Be Trusted,Médio,6.5,,PENDENTE
421,WORKSTATION-9,172.18.0.9,SSL Certificate Cannot Be Trusted,Médio,6.5,,PENDENTE
422,SERVER-4,172.20.0.4,SSL Certificate Cannot Be Trusted,Médio,6.5,,PENDENTE
423,SERVER-5,172.20.0.5,SSL Certificate Cannot Be Trusted,Médio,6.5,,PENDENTE
424,SERVER-3,172.20.0.3,SSL Certificate Cannot Be Trusted,Médio,6.5,,PENDENTE
425,WORKSTATION-4,172.18.0.4,SSL Certificate Cannot Be Trusted,Médio,6.5,,PENDENTE
426,WORKSTATION-7,172.18.0.7,SSL Certificate Cannot Be Trusted,Médio,6.5,,PENDENTE
427,SERVER-8,172.20.0.8,SSL Certificate Cannot Be Trusted,Médio,6.5,,PENDENTE
428,WORKSTATION-16,172.18.0.16,SSL Certificate Cannot Be Trusted,Médio,6.5,,PENDENTE
429,WORKSTATION-14,172.18.0.14,SSL Certificate Cannot Be Trusted,Médio,6.5,,PENDENTE
430,WORKSTATION-18,172.18.0.18,SSL Certificate Cannot Be Trusted,Médio,6.5,,PENDENTE
431,WORKSTATION-6,172.18.0.6,SSL Certificate Cannot Be Trusted,Médio,6.5,,PENDENTE
432,WORKSTATION-4,172.18.0.4,SSL Version 2 and 3 Protocol Detection,Alto,7.5,,PENDENTE
433,SERVER-7,172.20.0.7,SSL Version 2 and 3 Protocol Detection,Alto,7.5,,PENDENTE
434,SERVER-8,172.20.0.8,SSL Version 2 and 3 Protocol Detection,Alto,7.5,,PENDENTE
435,SERVER-2,172.20.0.2,SSL Version 2 and 3 Protocol Detection,Alto,7.5,,PENDENTE
436,SERVER-4,172.20.0.4,SSL Version 2 and 3 Protocol Detection,Alto,7.5,,PENDENTE
437,SERVER-1,172.20.0.1,SSL Version 2 and 3 Protocol Detection,Alto,7.5,,PENDENTE
438,WORKSTATION-5,172.18.0.5,SSL Version 2 and 3 Protocol Detection,Alto,7.5,,PENDENTE
439,WORKSTATION-4,172.18.0.4,SSL Certificate Expiry,Médio,5.3,,PENDENTE
440,WORKSTATION-5,172.18.0.5,SSL Certificate Expiry,Médio,5.3,,PENDENTE
441,SERVER-6,172.20.0.6,SSL Certificate Expiry,Médio,5.3,,PENDENTE
442,SERVER-1,172.20.0.1,SSL Certificate Expiry,Médio,5.3,,PENDENTE
443,SERVER-3,172.20.0.3,Oracle Java SE Multiple Vulnerabilities (June 2013 CPU),Crítico,9.8,2013-06-18,PENDENTE
444,WORKSTATION-10,172.18.0.10,SSH Server CBC Mode Ciphers Enabled,Baixo,2.6,2008-11-24,PENDENTE
445,WORKSTATION-4,172.18.0.4,SSH Server CBC Mode Ciphers Enabled,Baixo,2.6,2008-11-24,PENDENTE
446,WORKSTATION-20,172.18.0.20,SSH Server CBC Mode Ciphers Enabled,Baixo,2.6,2008-11-24,PENDENTE
447,WORKSTATION-21,172.18.0.21,SSH Server CBC Mode Ciphers Enabled,Baixo,2.6,2008-11-24,PENDENTE
448,WORKSTATION-3,172.18.0.3,SSH Server CBC Mode Ciphers Enabled,Baixo,2.6,2008-11-24,PENDENTE
449,WORKSTATION-1,172.18.0.1,SSH Server CBC Mode Ciphers Enabled,Baixo,2.6,2008-11-24,PENDENTE
450,WORKSTATION-2,172.18.0.2,SSH Server CBC Mode Ciphers Enabled,Baixo,2.6,2008-11-24,PENDENTE
451,SERVER-7,172.20.0.7,SSH Server CBC Mode Ciphers Enabled,Baixo,2.6,2008-11-24,PENDENTE
452,WORKSTATION-19,172.18.0.19,SSH Server CBC Mode Ciphers Enabled,Baixo,2.6,2008-11-24,PENDENTE
453,SERVER-11,172.20.0.11,SSH Server CBC Mode Ciphers Enabled,Baixo,2.6,2008-11-24,PENDENTE
454,SERVER-12,172.20.0.12,SSH Server CBC Mode Ciphers Enabled,Baixo,2.6,2008-11-24,PENDENTE
455,SERVER-1,172.20.0.1,SSL Self-Signed Certificate,Médio,6.4,,PENDENTE
456,SERVER-9,172.20.0.9,SSL Self-Signed Certificate,Médio,6.4,,PENDENTE
457,WORKSTATION-9,172.18.0.9,SSL Self-Signed Certificate,Médio,6.4,,PENDENTE
458,WORKSTATION-16,172.18.0.16,SSL Self-Signed Certificate,Médio,6.4,,PENDENTE
459,SERVER-3,172.20.0.3,SSL Self-Signed Certificate,Médio,6.4,,PENDENTE
460,WORKSTATION-8,172.18.0.8,SSL Self-Signed Certificate,Médio,6.4,,PENDENTE
461,WORKSTATION-5,172.18.0.5,SSL Self-Signed Certificate,Médio,6.4,,PENDENTE
462,SERVER-10,172.20.0.10,SSL Self-Signed Certificate,Médio,6.4,,PENDENTE
463,WORKSTATION-14,172.18.0.14,SSL Self-Signed Certificate,Médio,6.4,,PENDENTE
464,WORKSTATION-4,172.18.0.4,SSL Self-Signed Certificate,Médio,6.4,,PENDENTE
465,SERVER-6,172.20.0.6,SSL Self-Signed Certificate,Médio,6.4,,PENDENTE
466,WORKSTATION-6,172.18.0.6,SSL Self-Signed Certificate,Médio,6.4,,PENDENTE
467,SERVER-8,172.20.0.8,SSL Self-Signed Certificate,Médio,6.4,,PENDENTE
468,WORKSTATION-18,172.18.0.18,SSL Self-Signed Certificate,Médio,6.4,,PENDENTE
469,WORKSTATION-7,172.18.0.7,SSL Self-Signed Certificate,Médio,6.4,,PENDENTE
470,SERVER-2,172.20.0.2,SSL Self-Signed Certificate,Médio,6.4,,PENDENTE
471,SERVER-5,172.20.0.5,SSL Self-Signed Certificate,Médio,6.4,,PENDENTE
472,SERVER-4,172.20.0.4,SSL Self-Signed Certificate,Médio,6.4,,PENDENTE
473,SERVER-2,172.20.0.2,Transport Layer Security (TLS) Protocol CRIME Vulnerability,Baixo,2.6,2012-09-15,PENDENTE
474,SERVER-1,172.20.0.1,Terminal Services Encryption Level is not FIPS-140 Compliant,Baixo,2.6,,PENDENTE
475,WORKSTATION-12,172.18.0.12,Terminal Services Encryption Level is not FIPS-140 Compliant,Baixo,2.6,,PENDENTE
476,SERVER-4,172.20.0.4,SSL Certificate Signed Using Weak Hashing Algorithm,Alto,7.5,2004-08-18,PENDENTE
477,SERVER-2,172.20.0.2,SSL Certificate Signed Using Weak Hashing Algorithm,Alto,7.5,2004-08-18,PENDENTE
478,WORKSTATION-5,172.18.0.5,SSL Certificate Signed Using Weak Hashing Algorithm,Alto,7.5,2004-08-18,PENDENTE
479,SERVER-1,172.20.0.1,SSL Certificate Signed Using Weak Hashing Algorithm,Alto,7.5,2004-08-18,PENDENTE
480,SERVER-9,172.20.0.9,SSL Certificate Signed Using Weak Hashing Algorithm,Alto,7.5,2004-08-18,PENDENTE
481,SERVER-8,172.20.0.8,SSL Certificate Signed Using Weak Hashing Algorithm,Alto,7.5,2004-08-18,PENDENTE
482,WORKSTATION-14,172.18.0.14,SSL Certificate Signed Using Weak Hashing Algorithm,Alto,7.5,2004-08-18,PENDENTE
483,SERVER-3,172.20.0.3,Oracle Java SE Multiple Vulnerabilities (July 2015 CPU) (Bar Mitzvah),Crítico,9.8,2015-07-14,PENDENTE
484,WORKSTATION-19,172.18.0.19,SNMP Agent Default Community Name (public),Alto,7.5,1998-11-17,PENDENTE
485,SERVER-3,172.20.0.3,Oracle Java JDK / JRE 6 < Update 35 SunToolKit getField() and getMethod() Access Issue,Crítico,9.8,2012-08-10,PENDENTE
486,SERVER-3,172.20.0.3,Oracle Java SE Multiple Vulnerabilities (October 2014 CPU),Crítico,9.8,2014-10-14,PENDENTE
487,SERVER-2,172.20.0.2,MS KB3009008: Vulnerability in SSL 3.0 Could Allow Information Disclosure (POODLE),Médio,4.3,2014-10-14,PENDENTE
488,SERVER-1,172.20.0.1,MS KB3009008: Vulnerability in SSL 3.0 Could Allow Information Disclosure (POODLE),Médio,4.3,2014-10-14,PENDENTE
489,SERVER-4,172.20.0.4,MS KB3009008: Vulnerability in SSL 3.0 Could Allow Information Disclosure (POODLE),Médio,4.3,2014-10-14,PENDENTE
490,WORKSTATION-5,172.18.0.5,MS KB3009008: Vulnerability in SSL 3.0 Could Allow Information Disclosure (POODLE),Médio,4.3,2014-10-14,PENDENTE
491,SERVER-4,172.20.0.4,SSL Medium Strength Cipher Suites Supported (SWEET32),Alto,7.5,2016-08-24,PENDENTE
492,WORKSTATION-14,172.18.0.14,SSL Medium Strength Cipher Suites Supported (SWEET32),Alto,7.5,2016-08-24,PENDENTE
493,SERVER-1,172.20.0.1,SSL Medium Strength Cipher Suites Supported (SWEET32),Alto,7.5,2016-08-24,PENDENTE
494,WORKSTATION-16,172.18.0.16,SSL Medium Strength Cipher Suites Supported (SWEET32),Alto,7.5,2016-08-24,PENDENTE
495,SERVER-10,172.20.0.10,SSL Medium Strength Cipher Suites Supported (SWEET32),Alto,7.5,2016-08-24,PENDENTE
496,WORKSTATION-7,172.18.0.7,SSL Medium Strength Cipher Suites Supported (SWEET32),Alto,7.5,2016-08-24,PENDENTE
497,SERVER-2,172.20.0.2,SSL Medium Strength Cipher Suites Supported (SWEET32),Alto,7.5,2016-08-24,PENDENTE
498,SERVER-9,172.20.0.9,SSL Medium Strength Cipher Suites Supported (SWEET32),Alto,7.5,2016-08-24,PENDENTE
499,WORKSTATION-5,172.18.0.5,SSL Medium Strength Cipher Suites Supported (SWEET32),Alto,7.5,2016-08-24,PENDENTE
500,SERVER-8,172.20.0.8,SSL Medium Strength Cipher Suites Supported (SWEET32),Alto,7.5,2016-08-24,PENDENTE
501,WORKSTATION-8,172.18.0.8,SSL Medium Strength Cipher Suites Supported (SWEET32),Alto,7.5,2016-08-24,PENDENTE
502,SERVER-5,172.20.0.5,SSL Medium Strength Cipher Suites Supported (SWEET32),Alto,7.5,2016-08-24,PENDENTE
503,WORKSTATION-6,172.18.0.6,SSL Medium Strength Cipher Suites Supported (SWEET32),Alto,7.5,2016-08-24,PENDENTE
504,WORKSTATION-4,172.18.0.4,SSL Medium Strength Cipher Suites Supported (SWEET32),Alto,7.5,2016-08-24,PENDENTE
505,SERVER-3,172.20.0.3,SSL Medium Strength Cipher Suites Supported (SWEET32),Alto,7.5,2016-08-24,PENDENTE
506,SERVER-6,172.20.0.6,SSL Medium Strength Cipher Suites Supported (SWEET32),Alto,7.5,2016-08-24,PENDENTE
507,SERVER-3,172.20.0.3,Oracle Java SE Multiple Vulnerabilities (October 2015 CPU),Crítico,9.8,2015-10-20,PENDENTE
508,WORKSTATION-9,172.18.0.9,Web Server HTTP Header Internal IP Disclosure,Baixo,3.1,2000-07-13,PENDENTE
509,WORKSTATION-16,172.18.0.16,Unix Operating System Unsupported Version Detection,Crítico,10.0,,PENDENTE
510,WORKSTATION-2,172.18.0.2,VMSA-2015-0007 : VMware vCenter and ESXi updates address critical security issues,Alto,7.5,,PENDENTE
511,WORKSTATION-1,172.18.0.1,VMSA-2015-0007 : VMware vCenter and ESXi updates address critical security issues,Alto,7.5,,PENDENTE
512,WORKSTATION-3,172.18.0.3,VMSA-2015-0007 : VMware vCenter and ESXi updates address critical security issues,Alto,7.5,,PENDENTE
513,SERVER-3,172.20.0.3,Oracle Java SE Multiple Vulnerabilities (April 2013 CPU),Crítico,9.8,2013-03-06,PENDENTE
514,SERVER-8,172.20.0.8,SSL Certificate Chain Contains RSA Keys Less Than 2048 bits,Baixo,,,PENDENTE
515,SERVER-2,172.20.0.2,SSL Certificate Chain Contains RSA Keys Less Than 2048 bits,Baixo,,,PENDENTE
516,SERVER-4,172.20.0.4,SSL Certificate Chain Contains RSA Keys Less Than 2048 bits,Baixo,,,PENDENTE
517,WORKSTATION-5,172.18.0.5,SSL Certificate Chain Contains RSA Keys Less Than 2048 bits,Baixo,,,PENDENTE
